{"cameraMode":{"drawMode":0,"name":"Shaded","section":"Shading Mode"},"sceneLighting":true,"audioPlay":false,"sceneViewState":{"m_AlwaysRefresh":false,"showFog":true,"showSkybox":true,"showFlares":true,"showImageEffects":true,"showParticleSystems":true,"showVisualEffectGraphs":true,"m_FxEnabled":true},"in2DMode":false,"pivot":{"x":-2.2047271728515627,"y":-3.184685707092285,"z":2.4081554412841799},"rotation":{"x":-0.33840495347976687,"y":0.37407973408699038,"z":-0.14876823127269746,"w":-0.8506487011909485},"size":8.254609107971192,"orthographic":false}