{"cameraMode":{"drawMode":0,"name":"Shaded","section":"Shading Mode"},"sceneLighting":true,"audioPlay":false,"sceneViewState":{"m_AlwaysRefresh":false,"showFog":true,"showSkybox":true,"showFlares":true,"showImageEffects":true,"showParticleSystems":true,"showVisualEffectGraphs":true,"m_FxEnabled":true},"in2DMode":false,"pivot":{"x":-3.006381034851074,"y":-40.31513977050781,"z":20.75335693359375},"rotation":{"x":-0.5053661465644836,"y":0.0018087639473378659,"z":-0.0010625006398186088,"w":-0.8629012107849121},"size":47.42326736450195,"orthographic":false}