{"cameraMode":{"drawMode":0,"name":"Shaded","section":"Shading Mode"},"sceneLighting":true,"audioPlay":false,"sceneViewState":{"m_AlwaysRefresh":false,"showFog":true,"showSkybox":true,"showFlares":true,"showImageEffects":true,"showParticleSystems":true,"showVisualEffectGraphs":true,"m_FxEnabled":true},"in2DMode":false,"pivot":{"x":-17.656206130981447,"y":-11.467238426208496,"z":-1.6679706573486329},"rotation":{"x":-0.16981780529022218,"y":0.7341820001602173,"z":-0.19891244173049928,"w":-0.6266105771064758},"size":14.025946617126465,"orthographic":false}