{"cameraMode":{"drawMode":0,"name":"Shaded","section":"Shading Mode"},"sceneLighting":true,"audioPlay":false,"sceneViewState":{"m_AlwaysRefresh":false,"showFog":true,"showSkybox":true,"showFlares":true,"showImageEffects":true,"showParticleSystems":true,"showVisualEffectGraphs":true,"m_FxEnabled":true},"in2DMode":false,"pivot":{"x":0.9894496202468872,"y":5.437886714935303,"z":-0.11839829385280609},"rotation":{"x":-0.28754204511642458,"y":-0.39414581656455996,"z":0.13129942119121552,"w":-0.8630021810531616},"size":18.28860092163086,"orthographic":false}