{"cameraMode":{"drawMode":0,"name":"Shaded","section":"Shading Mode"},"sceneLighting":true,"audioPlay":false,"sceneViewState":{"m_AlwaysRefresh":false,"showFog":true,"showSkybox":true,"showFlares":true,"showImageEffects":true,"showParticleSystems":true,"showVisualEffectGraphs":true,"m_FxEnabled":true},"in2DMode":false,"pivot":{"x":1.6806161403656006,"y":1.0655109882354737,"z":2.051754951477051},"rotation":{"x":-0.27307602763175967,"y":-0.017025578767061235,"z":0.004886233247816563,"w":-0.9619280695915222},"size":1.91812264919281,"orthographic":false}