{"cameraMode":{"drawMode":0,"name":"Shaded","section":"Shading Mode"},"sceneLighting":true,"audioPlay":false,"sceneViewState":{"m_AlwaysRefresh":false,"showFog":true,"showSkybox":true,"showFlares":true,"showImageEffects":true,"showParticleSystems":true,"showVisualEffectGraphs":true,"m_FxEnabled":true},"in2DMode":false,"pivot":{"x":-1.8148891925811768,"y":-39.945594787597659,"z":15.537104606628418},"rotation":{"x":-0.5712483525276184,"y":0.04966040700674057,"z":-0.034660983830690387,"w":-0.8185350298881531},"size":22.945533752441408,"orthographic":false}