{"cameraMode":{"drawMode":0,"name":"Shaded","section":"Shading Mode"},"sceneLighting":true,"audioPlay":false,"sceneViewState":{"m_AlwaysRefresh":false,"showFog":true,"showSkybox":true,"showFlares":true,"showImageEffects":true,"showParticleSystems":true,"showVisualEffectGraphs":true,"m_FxEnabled":true},"in2DMode":false,"pivot":{"x":-3.9439544677734377,"y":-9.766883850097657,"z":6.7964959144592289},"rotation":{"x":-0.23719105124473573,"y":0.6694401502609253,"z":-0.23990784585475923,"w":-0.6618734002113342},"size":52.105003356933597,"orthographic":false}