{"cameraMode":{"drawMode":0,"name":"Shaded","section":"Shading Mode"},"sceneLighting":true,"audioPlay":false,"sceneViewState":{"m_AlwaysRefresh":false,"showFog":true,"showSkybox":true,"showFlares":true,"showImageEffects":true,"showParticleSystems":true,"showVisualEffectGraphs":true,"m_FxEnabled":true},"in2DMode":false,"pivot":{"x":0.8702237606048584,"y":-0.1556154489517212,"z":-0.7352883219718933},"rotation":{"x":0.08871617168188095,"y":-0.8092237710952759,"z":0.12648411095142365,"w":0.566912055015564},"size":1.9377212524414063,"orthographic":false}