{"cameraMode":{"drawMode":0,"name":"Shaded","section":"Shading Mode"},"sceneLighting":false,"audioPlay":false,"sceneViewState":{"m_AlwaysRefresh":false,"showFog":true,"showSkybox":false,"showFlares":true,"showImageEffects":true,"showParticleSystems":true,"showVisualEffectGraphs":true,"m_FxEnabled":true},"in2DMode":false,"pivot":{"x":1.2206296920776368,"y":1.0764060020446778,"z":2.6487863063812258},"rotation":{"x":-0.06729072332382202,"y":0.32069697976112368,"z":-0.02281702496111393,"w":-0.9446168541908264},"size":2.27982759475708,"orthographic":false}