{"cameraMode":{"drawMode":0,"name":"Shaded","section":"Shading Mode"},"sceneLighting":false,"audioPlay":false,"sceneViewState":{"m_AlwaysRefresh":false,"showFog":true,"showSkybox":false,"showFlares":true,"showImageEffects":true,"showParticleSystems":true,"showVisualEffectGraphs":true,"m_FxEnabled":true},"in2DMode":false,"pivot":{"x":-0.3712122440338135,"y":3.1138386726379396,"z":-2.103327512741089},"rotation":{"x":-0.0006802534917369485,"y":0.998733401298523,"z":-0.050086796283721927,"w":-0.012009674683213234},"size":1.9103176593780518,"orthographic":false}