{"cameraMode":{"drawMode":0,"name":"Shaded","section":"Shading Mode"},"sceneLighting":false,"audioPlay":false,"sceneViewState":{"m_AlwaysRefresh":false,"showFog":true,"showSkybox":false,"showFlares":true,"showImageEffects":true,"showParticleSystems":true,"showVisualEffectGraphs":true,"m_FxEnabled":true},"in2DMode":false,"pivot":{"x":-0.1152721643447876,"y":3.7860000133514406,"z":-0.920649528503418},"rotation":{"x":0.07474112510681153,"y":-0.9247795939445496,"z":0.28059712052345278,"w":0.24610745906829835},"size":1.9103176593780518,"orthographic":false}