{"cameraMode":{"drawMode":0,"name":"Shaded","section":"Shading Mode"},"sceneLighting":false,"audioPlay":false,"sceneViewState":{"m_AlwaysRefresh":false,"showFog":true,"showSkybox":false,"showFlares":true,"showImageEffects":true,"showParticleSystems":true,"showVisualEffectGraphs":true,"m_FxEnabled":true},"in2DMode":false,"pivot":{"x":-0.3145112693309784,"y":3.5804033279418947,"z":-0.8895877599716187},"rotation":{"x":-0.0006802534917369485,"y":0.998733401298523,"z":-0.050086796283721927,"w":-0.012009674683213234},"size":1.9309598207473755,"orthographic":false}